Temperature,Max Tokens,Response
0.1,30,One interesting fact about olives is that they have been cultivated for thousands of years and have a rich history dating back to ancient civilizations. The olive tree
0.1,40,"One interesting fact about olives is that they have been cultivated for thousands of years and have a rich history dating back to ancient civilizations. The olive tree, known as Olea europaea, is native"
0.1,50,"One interesting fact about olives is that they have been cultivated for thousands of years and have a rich history dating back to ancient civilizations. The olive tree, scientifically known as Olea europaea, is native to the Mediterranean region and has played a significant"
0.1,60,"One interesting fact about olives is that they have been cultivated for thousands of years and have a rich history dating back to ancient civilizations. The olive tree, known as Olea europaea, is native to the Mediterranean region and has played a significant role in the cultures and economies of countries such as Greece"
0.1,70,"One interesting fact about olives is that they have been cultivated for thousands of years and have a rich history. They were first domesticated in the Mediterranean region around 6,000 years ago and have since become a staple in Mediterranean cuisine.

Olives are not only enjoyed for their delicious taste but also for their numerous health benefits. They are a great"
0.1,80,"One interesting fact about olives is that they have been cultivated for thousands of years and have a rich history dating back to ancient civilizations. The olive tree, scientifically known as Olea europaea, is native to the Mediterranean region and has played a significant role in the cultures and cuisines of countries such as Greece, Italy, Spain, and many others.

Olives are not only enjoyed as a delicious"
0.1,90,"One interesting fact about olives is that they have been cultivated for thousands of years and have a rich history dating back to ancient civilizations. The olive tree, known as Olea europaea, is native to the Mediterranean region and has been a symbol of peace, wisdom, and fertility in various cultures.

Olives are not only enjoyed as a delicious snack or ingredient in various cuisines but also have numerous health benefits. They are a great source of mon"
0.1,100,"One interesting fact about olives is that they have been cultivated for thousands of years and have a rich history dating back to ancient civilizations. The olive tree, known as Olea europaea, is native to the Mediterranean region and has played a significant role in the cultures and economies of countries such as Greece, Italy, Spain, and Tunisia.

Olives are not only enjoyed as a delicious snack or ingredient in various dishes, but they also hold symbolic and cultural significance. In ancient Greece, olives were"
0.2,30,One interesting fact about olives is that they have been cultivated for thousands of years and have a rich history dating back to ancient civilizations. They were first
0.2,40,"One interesting fact about olives is that they have been cultivated for thousands of years and have a rich history dating back to ancient civilizations. The olive tree, scientifically known as Olea europaea, is"
0.2,50,"Olives have a rich history dating back thousands of years. They were first cultivated in the Mediterranean region around 5000 BC and have since become a staple in Mediterranean cuisine. 

One interesting fact about olives is that they come in a variety of"
0.2,60,"One interesting fact about olives is that they have been cultivated for thousands of years and have a rich history. They were first domesticated in the Mediterranean region around 6,000 years ago and have since become a staple in Mediterranean cuisine.

Olives are not only delicious but also highly nutritious. They"
0.2,70,"One interesting fact about olives is that they have been cultivated for thousands of years and have a rich history. They were first domesticated in the Mediterranean region around 6,000 years ago and have since become a staple in Mediterranean cuisine.

Olives are not only delicious but also highly nutritious. They are a great source of healthy monounsaturated fats"
0.2,80,"Olives have a rich history dating back thousands of years. They were first cultivated in the Mediterranean region around 5000 BC and have since become a staple in Mediterranean cuisine. 

One fascinating fact about olives is that they are technically a fruit, not a vegetable. They belong to the same family as mangoes, peaches, and cherries. 

Another interesting aspect of olives is their"
0.2,90,"One interesting fact about olives is that they have been cultivated for thousands of years and have a rich history dating back to ancient civilizations. The olive tree, scientifically known as Olea europaea, is native to the Mediterranean region and has been an integral part of Mediterranean culture and cuisine for centuries.

Olives are not only enjoyed for their unique and savory taste but also for their numerous health benefits. They are a great source of monounsaturated fats,"
0.2,100,"Olives have a rich history that dates back thousands of years. They were first cultivated in the Mediterranean region around 5000 BC and have since become a staple in Mediterranean cuisine. 

What makes olives particularly fascinating is their versatility. They can be enjoyed in various forms, such as fresh, cured, or pressed into oil. Olives come in different colors, including green and black, which indicate their level of ripeness. Green olives are picked before they fully ripen, while black ol"
0.3,30,One interesting fact about olives is that they have been cultivated for thousands of years and have a rich history. They were first domesticated in the Mediterranean
0.3,40,"One interesting fact about olives is that they have been cultivated for thousands of years and have a rich history dating back to ancient civilizations. The olive tree, scientifically known as Olea europaea, is"
0.3,50,"One interesting fact about olives is that they have been cultivated for thousands of years and have played a significant role in Mediterranean cuisine and culture. The olive tree, scientifically known as Olea europaea, is native to the Mediterranean region and has been cultivated"
0.3,60,"One interesting fact about olives is that they have been cultivated for thousands of years and have a rich history dating back to ancient civilizations. The olive tree, known as Olea europaea, is native to the Mediterranean region and has played a significant role in the cultures and economies of countries like Greece,"
0.3,70,"Olives have a rich history dating back thousands of years. They were first cultivated in the Mediterranean region around 5000 BC and have since become an integral part of Mediterranean cuisine. 

One fascinating fact about olives is that they come in a variety of colors, ranging from green to black. Contrary to popular belief, the color of an olive"
0.3,80,"One interesting fact about olives is that they have been cultivated for thousands of years and have a rich history dating back to ancient civilizations. The olive tree is native to the Mediterranean region and has been a symbol of peace, wisdom, and fertility in various cultures throughout history.

Olives are not only enjoyed for their delicious taste but also for their numerous health benefits. They are a good source of monouns"
0.3,90,"Olives have a rich history dating back thousands of years. They were first cultivated in the Mediterranean region around 5000 BC and have since become a staple in Mediterranean cuisine. 

One fascinating fact about olives is that they come in a variety of colors, including green, black, and shades of purple. Contrary to popular belief, the color of an olive does not indicate its ripeness. Green olives are typically picked before they fully rip"
0.3,100,"One interesting fact about olives is that they have been cultivated for thousands of years and have a rich history. They were first domesticated in the Mediterranean region around 5000 BC and have since become a staple in the diets of many cultures.

Olives are not only enjoyed as a delicious snack or ingredient in various dishes but also have numerous health benefits. They are a great source of monounsaturated fats, which are considered heart-healthy and can help reduce the risk of heart disease. Olives"
0.4,30,One interesting fact about olives is that they have been cultivated for thousands of years and have a rich history dating back to ancient civilizations. The olive tree
0.4,40,"One interesting fact about olives is that they have been cultivated for thousands of years and have a rich history dating back to ancient civilizations. They were first domesticated in the Mediterranean region around 5,"
0.4,50,"Olives have a rich history dating back thousands of years. They were first cultivated in the Mediterranean region around 6000 BC and have been a staple in the diets of various cultures ever since. 

One interesting fact about olives is that they come"
0.4,60,"One interesting fact about olives is that they have been cultivated for thousands of years and have a rich history dating back to ancient civilizations. The olive tree, scientifically known as Olea europaea, is native to the Mediterranean region and has been a symbol of peace, wisdom, and prosperity in various cultures"
0.4,70,"Olives are not only delicious, but they also have a fascinating history and a range of health benefits. Here are a few interesting facts about olives:

1. Ancient Origins: Olives have been cultivated for thousands of years and are believed to have originated in the Mediterranean region. They were first domesticated around 5,000 to 6,"
0.4,80,"Olives have a fascinating history and offer a variety of interesting facts. Here are a few:

1. Olives have been cultivated for over 6,000 years, making them one of the oldest known cultivated trees in the world.

2. The olive tree, scientifically known as Olea europaea, is native to the Mediterranean region but is now grown in many parts of the world with suitable climates"
0.4,90,"Olives have a fascinating history and are not only delicious but also have various health benefits. Here are a few interesting facts about olives:

1. Olives have been cultivated for thousands of years and are believed to have originated in the Mediterranean region. They have played a significant role in the diets and cultures of people in this area for centuries.

2. Olive trees are incredibly resilient and can live for hundreds of years. Some olive trees in the Mediterranean"
0.4,100,"Olives have a rich history dating back thousands of years. They are believed to have originated in the Mediterranean region and have been cultivated for over 6,000 years. 

One interesting fact about olives is that they are technically a fruit, not a vegetable. They belong to the same family as other fruits such as cherries, peaches, and plums. 

Another fascinating aspect of olives is their versatility. They can be enjoyed in various forms, such as being pressed for their oil"
0.5,30,One interesting fact about olives is that they have been cultivated for thousands of years and have played a significant role in Mediterranean cuisine and culture. The olive
0.5,40,"Olives are not only delicious, but they also have a fascinating history and a range of interesting facts. Here are a few:

1. Olives have been cultivated for thousands of years and are one"
0.5,50,"Olives have a fascinating history and offer various health benefits. Here are a few interesting facts about olives:

1. Ancient Origins: Olives have been cultivated for thousands of years and were first domesticated in the Mediterranean region around 6000 BC"
0.5,60,"Olives have a rich history that dates back thousands of years. They have been cultivated for over 6,000 years and were first grown in the Mediterranean region. The olive tree, known as Olea europaea, is one of the oldest known cultivated trees in the world.

One interesting fact about"
0.5,70,"One interesting fact about olives is that they have been cultivated for thousands of years and have a rich history dating back to ancient civilizations. They were first domesticated in the Mediterranean region around 5,000 to 6,000 years ago and have since become an integral part of the cuisine and culture of that area.

Olives are not only delicious"
0.5,80,"One interesting fact about olives is that they have been cultivated for thousands of years and have a rich history dating back to ancient civilizations. The olive tree, scientifically known as Olea europaea, is native to the Mediterranean region and has been highly valued for its fruit and oil.

Olives have not only been used as a food source but also have cultural and symbolic significance. In ancient Greece, ol"
0.5,90,"Olives have a rich history dating back thousands of years. They are believed to have originated in the Mediterranean region and have been cultivated for over 6,000 years. 

Did you know that olives are technically a fruit, not a vegetable? They come from the olive tree, scientifically known as Olea europaea. 

Olives are highly valued for their oil, which is extracted by pressing the fruit. Olive oil has been used for cooking"
0.5,100,"Olives are not only delicious, but they also have a fascinating history and a range of interesting facts. Here are a few intriguing things about olives:

1. Ancient Origins: Olives have been cultivated for thousands of years, with evidence of olive oil production dating back to 6000 BCE. They were first domesticated in the Mediterranean region, and today, countries like Spain, Italy, Greece, and Tunisia are major producers.

2. Symbol of Peace: The olive branch has long been a"
0.6,30,"Olives have a fascinating history and numerous interesting facts associated with them. Here are a few:

1. Olives are one of the oldest cultivated crops"
0.6,40,"One interesting fact about olives is that they have been cultivated for thousands of years and have a rich history dating back to ancient civilizations. The olive tree, known as Olea europaea, is native"
0.6,50,"Olives are not only a delicious and versatile fruit but also hold a fascinating historical and cultural significance. Here are a few interesting facts about olives:

1. Ancient Origins: Olives have been cultivated for thousands of years, with evidence of their cultivation"
0.6,60,"One interesting fact about olives is that they have been cultivated for thousands of years and have a rich history dating back to ancient civilizations. Olives were first domesticated in the Mediterranean region around 5,000 to 6,000 years ago and have since become an important part of the Mediterranean diet"
0.6,70,"Olives are not only delicious, but they also have a fascinating history and numerous health benefits. Here are a few interesting facts about olives:

1. Olives have been cultivated for thousands of years and are one of the oldest known fruits. They have been mentioned in ancient texts, including the Bible and the Quran.

2. Although olives are"
0.6,80,"One interesting fact about olives is that they have been cultivated for thousands of years and have played a significant role in Mediterranean cuisine and culture. The olive tree, scientifically known as Olea europaea, is native to the Mediterranean region and has been cultivated since ancient times. 

Olives have a rich history and were highly valued in ancient civilizations such as the Greeks, Romans, and Egyptians. They were"
0.6,90,"Sure! Olives are not only delicious, but they also have a fascinating history and some unique characteristics. Here are a few interesting facts about olives:

1. Olives have been cultivated for over 6,000 years, making them one of the oldest known cultivated trees in the world. The cultivation of olives dates back to ancient civilizations such as the Egyptians, Greeks, and Romans.

2. Olive trees can live for hundreds of years,"
0.6,100,"One interesting fact about olives is that they have been cultivated for thousands of years and have a rich history. They are believed to have originated in the Mediterranean region and have been an important part of the Mediterranean diet and culture for centuries.

Olives are not only enjoyed for their unique taste and texture but also for their numerous health benefits. They are a good source of healthy monounsaturated fats, which are known to be beneficial for heart health. Olives also contain antioxidants, vitamins, and minerals that"
0.7,30,"Olives have a rich history dating back thousands of years. They were first cultivated in the Mediterranean region around 5,000 years ago and have since"
0.7,40,"Olives have a rich history dating back thousands of years. They were first cultivated in the Mediterranean region around 6000 BCE and have since become a staple in the cuisine of many cultures.

One interesting"
0.7,50,"One interesting fact about olives is that they have been cultivated for thousands of years and have a rich history dating back to ancient civilizations. Olives were first domesticated in the Mediterranean region around 6,000 years ago and have since become an integral"
0.7,60,"Olives are not only delicious, but they also have a fascinating history and a myriad of health benefits. Here are a few interesting facts about olives:

1. Ancient Origins: Olives have been cultivated for over 6,000 years and are native to the Mediterranean region. They were initially domestic"
0.7,70,"One interesting fact about olives is that they have been cultivated for thousands of years and have played a significant role in Mediterranean cuisine and culture. Olives are not only enjoyed as a delicious snack or used to produce olive oil, but they also have a rich history. In ancient Greece, athletes would consume olives and olive oil as part of their training"
0.7,80,"One interesting fact about olives is that they have been cultivated for thousands of years and have a rich history dating back to ancient times. The olive tree is native to the Mediterranean region and was highly regarded by ancient civilizations such as the Greeks, Romans, and Egyptians.

In addition to being a staple food, olives have had significant cultural and symbolic importance. They were considered a symbol of peace, wisdom"
0.7,90,"One interesting fact about olives is that they have been cultivated for thousands of years, dating back to ancient civilizations such as the Greeks and Romans. In fact, olives were considered a symbol of peace and wisdom in ancient Greece, and Olympic athletes would be crowned with olive wreaths as a sign of honor. Additionally, olives are not only used for their fruit but also for their oil, which has been praised for its health benefits and culinary uses"
0.7,100,"Olives have a rich history dating back thousands of years. They were first cultivated in the Mediterranean region around 5000 BC and have been an integral part of Mediterranean cuisine ever since. 

One interesting fact about olives is that they come in a wide range of colors, sizes, and flavors. The color of an olive indicates its ripeness, with green olives being unripe and black olives being fully ripe. However, it's worth noting that some black olives are actually green ol"
0.8,30,One interesting fact about olives is that they have been cultivated for thousands of years. It is estimated that olives have been grown for more than 
0.8,40,"Olives, scientifically known as Olea europaea, have been cultivated for thousands of years and hold a fascinating history. Here are a few interesting facts about olives:

1. Ancient origins: Ol"
0.8,50,Sure! Did you know that olives have been cultivated for thousands of years and have a rich history? They are believed to have originated in the Mediterranean region and have been an integral part of the Mediterranean diet and culture. Olives are not only delicious
0.8,60,"One interesting fact about olives is that they have been cultivated for thousands of years and have played a significant role in various cultures throughout history. The olive tree, scientifically known as Olea europaea, is native to the Mediterranean region and has been grown for its fruit, oil, and wood.

Ol"
0.8,70,"Olives have a rich history dating back thousands of years. They were first cultivated in the Mediterranean region around 5,000 to 6,000 years ago. The olive tree itself is also one of the oldest known cultivated trees in the world.

Interestingly, olives are not naturally edible right off the tree. They are extremely bitter and contain a"
0.8,80,"One interesting fact about olives is that they have been cultivated for thousands of years and have played a significant role in Mediterranean cuisine and culture. They have been a staple food in this region for centuries and are not only consumed as a fruit but also used to produce olive oil, which is widely regarded for its health benefits.

Another intriguing aspect is the diverse range of flavors and textures that olives can possess"
0.8,90,"One fascinating fact about olives is that they have been cultivated for over 6,000 years! These small fruits have a rich history and have been enjoyed by various civilizations throughout the Mediterranean region. Olives have not only been a staple food source but also hold cultural and symbolic significance in many societies. 

Additionally, olives are not only consumed as a fruit but are also processed into olive oil, which has been widely valued for its numerous health benefits"
0.8,100,"One interesting fact about olives is that they have been cultivated for thousands of years, dating back to ancient civilizations in the Mediterranean region. Considered a symbol of peace and fertility, olives hold great cultural and historical significance in many societies.

Another intriguing aspect of olives is their versatility. They can be consumed in various forms, such as being pressed for olive oil, pickled as table olives, or used as an ingredient in cooking. Olives come in different colors, ranging from green to"
0.9,30,"Olives have a fascinating history and offer a range of interesting facts. Here are a few intriguing tidbits about olives:

1. Olives have"
0.9,40,"Olives have a long and significant history dating back thousands of years. They were first cultivated in the Mediterranean region, particularly in ancient Greece and Rome, approximately 6,000 years ago. The olive"
0.9,50,"One interesting fact about olives is that they have been cultivated for thousands of years and have significant historical and cultural importance. They were first domesticated in the Mediterranean region around 6000 years ago, and their use dates back even further in ancient civilizations"
0.9,60,"Sure! Did you know that olives have been cultivated for thousands of years, dating back to ancient civilizations such as the Greeks and Romans? They were not only used for their fruits but also for their oil, which was highly valued for its health benefits and culinary uses.

One fascinating fact about olives"
0.9,70,"One interesting fact about olives is that they have been cultivated for thousands of years and have played a significant role in Mediterranean cultures. The olive tree, known as ""the tree of life,"" is highly valued for both its fruit and oil. The process of curing olives to remove their natural bitterness and enhance their flavor has been perfected over centuries, resulting"
0.9,80,"One interesting fact about olives is that they have been cultivated for thousands of years. The olive tree is native to the Mediterranean region, and evidence suggests that olive cultivation began around 3500 BCE. Olives have played a significant role in the cultures of ancient civilizations such as the Greeks, Romans, and Egyptians. They were not only used for their fruit but also for their oil, which had various"
0.9,90,"Olives have a fascinating history and are not only delicious but also have many interesting aspects. Here are some intriguing facts about olives:

1. Ancient Origins: Olives have been cultivated for over 6,000 years, making them one of the oldest known cultivated trees in existence. The exact origin of the olive tree is believed to be the Mediterranean region, particularly modern-day Greece and Syria.

2. Symbol of Peace: Olives and olive branches"
0.9,100,"Sure! Did you know that olives have been cultivated for thousands of years? They are believed to have originated in the Mediterranean region over 6,000 years ago. Olives have played a significant role in Mediterranean cuisine and culture, with olive trees symbolizing peace, wisdom, and abundance.

Another fascinating fact is that olives are actually a fruit, not a vegetable. They belong to the botanical family Oleaceae, and their scientific name is Olea europaea. Olives are harvested when"
1.0,30,One fascinating thing about olives is their long and rich history. Olives have been cultivated for thousands of years and were highly valued in ancient civilizations.
1.0,40,"Olives are fascinating fruits with a long history and diverse uses. Here are a few interesting facts about olives:

1. Origins and Dispersion: Olives have been cultivated for thousands of years and"
1.0,50,"One interesting fact about olives is that they have been cultivated for thousands of years and have played a significant role in Mediterranean cuisine and culture. Olives were first domesticated in the Levant region and have since spread across the world. 

Not only"
1.0,60,"One interesting fact about olives is that they have been cultivated for thousands of years and have played a significant role in various cultures and cuisines around the world. The olive tree, known as Olea europaea, is native to the Mediterranean basin and is considered one of the oldest known cultivated trees.

"
1.0,70,"One interesting fact about olives is that they have been cultivated for thousands of years and were one of the earliest domesticated fruit crops. The cultivation of olives dates back to ancient times, with evidence dating back to around 5000 BCE in the Mediterranean region. The olive tree holds great cultural and historical significance, symbolizing peace, wisdom, and"
1.0,80,"Did you know that olives have been cultivated for thousands of years and are native to the Mediterranean region? They are not only a popular ingredient in Mediterranean cuisine, but they also hold cultural and historical significance.

Olives are not naturally edible due to their extremely bitter taste. To make them palatable, they undergo a curing process that removes the bitterness. There are various methods of curing, including brine"
1.0,90,"Olives have a long and fascinating history, dating back thousands of years. Here are some interesting facts about olives:

1. Olives are one of the oldest cultivated crops, with evidence of their cultivation in the Mediterranean region as early as 5000 BCE.

2. Olive trees can live for a very long time, with some trees in the Mediterranean region being several hundred years old and still producing fruit.

3. Olives are not typically eaten"
1.0,100,"Olives have a fascinating history and boast numerous health benefits. Here are a few interesting facts about olives:

1. Ancient origins: Olives have been cultivated for over 6,000 years and were first domesticated in the Mediterranean region. They have played a significant role in the culinary traditions and cultures of various ancient civilizations.

2. Versatile fruit: It's interesting to note that olives are not a vegetable but a fruit. They belong to the same family as other stone fruits like cher"
