Review,Age Suitability,Replay Value,Interactivity,Design,Size,Entertainment Value,Price,Patience,Star Wars Sammlung,Practicality,value,Nostalgie,engagement,Family Time,Instruction Clarity,Fanliebe,Assembly Time,Collectibility,Durability,Minifigures,Complexity,Kronjuwel,Build Quality
Absolut episch! Das Zusammenbauen dieses Sets fühlte sich an wie eine Reise zurück in meine Kindheitsträume. Die Nostalgie und das detailreiche Design verdienen eine Fünf-Sterne-Bewertung!,,,,Positive,,,,,,,,Positive,,,,,,,,,,,
"Die Liebe zum Detail ist phänomenal, doch die Montage war eine langwierige Angelegenheit. Dennoch ist das Endergebnis zweifellos die investierte Zeit und Mühe wert.",,Positive,,Positive,,,,,,,,,,,,,Negative,,,,,,
"Enttäuscht aufgrund fehlender Teile in meinem Set, was zu einer frustrierenden Bau-Erfahrung führte. Leider kann ich nur 2 Sterne vergeben.",,,,,,,,,,,,,,,,,Negative,,,,,,Negative
"Unglaubliches Design, das sowohl meine Kinder als auch mich fasziniert hat. Wir hatten eine tolle Zeit beim Zusammenbauen. Ich kann es sehr empfehlen für gemeinsame Familienzeit.",,,,Positive,,Positive,,,,,,,,Positive,,,,,,,,,
Seine enorme Größe ist überwältigend und nimmt viel Platz ein. Im Nachhinein bereue ich den Kauf aufgrund seiner Unpraktikabilität.,,,,,Negative,,,,,Negative,,,,,,,,,,,,,
"Ein wahres Meisterwerk, das jeden Star Wars Liebhaber anspricht. Der Preis ist hoch, aber die Authentizität und Qualität rechtfertigen die Kosten.",,,,Positive,,,Positive,,,,,,,,,,,,,,,,
Die Anweisungen waren verwirrend und manchmal überwältigend. Dieses Set ist anspruchsvoll und erfordert Geduld und Hingabe.,,,,,,,,Positive,,,,,,,Negative,,,,,,Neutral,,
"Ich bin auf halbem Weg durch den Bau und es sieht bereits atemberaubend aus. Es ist ein anspruchsvolles Projekt, aber unglaublich lohnend und angenehm.",,,,,,Positive,,,,,,,,,,,,,,,Neutral,,
Dieses Set ist ziemlich komplex und nicht wirklich für Kinder geeignet. Es richtet sich eher an erwachsene Lego-Enthusiasten aufgrund seiner komplizierten Details.,Negative,,,Neutral,,,,,,,,,,,,,,,,,Neutral,,
Ich liebe es absolut! Es ist das perfekte Kronjuwel für meine Star Wars Sammlung und ein Zeugnis meiner Fanliebe.,,,,,,,,,,,,,,,,,,,,,,,
"Der Aufbau ist solide, aber er erfüllt meine Erwartungen in Bezug auf interaktive Funktionen nicht ganz, besonders wenn man den Preis berücksichtigt.",,,Negative,,,,Negative,,,,,,,,,,,,,,,,Positive
"Das Set ist nach nur einer Woche auseinandergebrochen, was enttäuschend ist und Fragen zur Qualität aufwirft, angesichts des hohen Preises.",,,,,,,Neutral,,,,,,,,,,,,Negative,,,,
Das Zusammenbauen dieses Sets fühlte sich an wie eine Reise durch die Galaxie und spiegelte das epische Ausmaß der Star Wars Filme wider. Eine wirklich epische Erfahrung.,,,,Positive,,Positive,,,,,,,,,,,,,,,,,
"Ich fand es überbewertet. Am Ende des Tages ist es nur eine Sammlung von Ziegeln, die den Hype nicht gerecht wird.",,,,Neutral,,Negative,,,,,,,,,,,,Negative,,,,,
"Das Bauen davon war magisch! Es fühlt sich an, als hätte ich meinen eigenen Todesstern gebaut. Ein Muss für Fans und möge die Macht mit allen Bauherren sein!",,,,Positive,,Positive,,,,,,,,,,,,Positive,,,,,Positive
"Die Anweisungen waren klar und präzise, und die Teile passten nahtlos zusammen. Es war eine durchweg lohnende Bau-Erfahrung.",,,,,,Positive,,,,,,,,,Positive,,,,,,,,Positive
Ich hatte eine größere Vielfalt an Minifiguren erwartet und fühlte mich ein wenig enttäuscht.,,,,,,,,,,,,,,,,,,,,Negative,,,
"Es hat länger gedauert, es zu bauen, als ich erwartet hatte, aber jetzt ist es ein atemberaubendes Mittelstück in meinem Zimmer. Es ist ein bemerkenswertes Ausstellungsstück.",,,,Positive,,,,,,,,,,,,,,,,,Negative,,Positive
"Es ist ein in Ordnung Set, aber meiner Meinung nach gibt es bessere Lego-Sets, die mehr Wert und Engagement bieten.",,,,,,,,,,,Neutral,,Neutral,,,,,,,,,,
"Absolut atemberaubend, sobald es zusammengebaut ist. Allerdings sollten sich die Bauherren auf eine lange und anspruchsvolle Baureise vorbereiten.",,,,,,,,,,,,,,,,,,,,,,,
